system,technique,question,valida,rouge1,rouge2,rougeL,recall@1,recall@3,recall@5
base,zero-shot,What does ISO 3382-1 specify?,True,0.38655462184873945,0.10256410256410256,0.2521008403361345,,,
base,zero-shot,"What background noise criterion does ISO 3744 impose, and how is the correction K1 applied?",True,0.3834586466165414,0.07575757575757575,0.21804511278195488,,,
base,zero-shot,What does ISO 1996-2 require regarding acoustic calibration?,True,0.31007751937984496,0.06299212598425197,0.15503875968992248,,,
base,zero-shot,"Which physical effects are included in the ISO 9613-2 algorithms, and in which frequency bands do they work?",True,0.2297872340425532,0.042918454935622324,0.1446808510638298,,,
base,zero-shot,"What does ISO 3745 specify, and how does its accuracy compare with ISO 3744 and ISO 3746?",True,0.39426523297491034,0.09386281588447654,0.22939068100358423,,,
base,zero-shot,"According to ISO 9613-1, how should users obtain attenuation coefficients for conditions that are not listed in Table 1?",True,0.3090909090909091,0.07339449541284404,0.22727272727272727,,,
base,zero-shot,"What does ISO 10140-5 cover, and what qualification does it require of a test facility?",True,0.2947368421052632,0.08480565371024734,0.20350877192982456,,,
base,zero-shot,"What does ISO 16032 measure, and which quantity is reported?",True,0.25806451612903225,0.046511627906976744,0.18433179723502302,,,
base,zero-shot,How does CNOSSOS-EU represent a vehicle and a traffic flow geometrically?,True,0.3694779116465864,0.048582995951417005,0.1686746987951807,,,
base,zero-shot,What is the scope of ISO 16283-1 in terms of room volume and frequency range?,True,0.4235294117647058,0.10714285714285714,0.2823529411764706,,,
base,zero-shot,"How does ISO 9612 define the daily noise exposure level LEX,8h?",True,0.3783783783783784,0.06557377049180327,0.2162162162162162,,,
base,zero-shot,Which reference time intervals does BS 4142 prescribe for day and night?,True,0.32000000000000006,0.09459459459459459,0.24,,,
base,zero-shot,"What does ISO 354 specify, and what requirements apply to the reverberation room?",True,0.4076433121019108,0.1346153846153846,0.267515923566879,,,
base,zero-shot,Which noise descriptor does ISO 1996-3 prefer for specifying noise limits?,True,0.3361344537815126,0.10256410256410256,0.23529411764705885,,,
base,zero-shot,"What does ISO 16283-2 specify, and which impact sources does it describe?",True,0.27807486631016043,0.043243243243243246,0.18181818181818182,,,
base,zero-shot,What does ISO 3382-1 say about deriving decay curves from non-continuous excitation?,True,0.2007434944237918,0.05243445692883896,0.15613382899628253,,,
base,zero-shot,What are the stated limitations of the ISO 4869-3 method?,True,0.2666666666666667,0.039525691699604744,0.16470588235294117,,,
base,zero-shot,What instrumentation does ISO 1996-2 require for environmental noise measurements?,True,0.3179916317991632,0.05063291139240507,0.16736401673640167,,,
base,zero-shot,What general form does the CNOSSOS-EU sound power equation take as a function of vehicle speed?,True,0.3451776649746193,0.14358974358974358,0.233502538071066,,,
base,zero-shot,"What is the frequency range of interest in ISO 3746, and what does the reference box enclose?",True,0.29197080291970806,0.11851851851851851,0.24817518248175185,,,
base,few-shot,What does ISO 3382-1 specify?,True,0.3076923076923077,0.11235955056179775,0.2637362637362637,,,
base,few-shot,"What background noise criterion does ISO 3744 impose, and how is the correction K1 applied?",True,0.3983050847457627,0.0683760683760684,0.21186440677966104,,,
base,few-shot,What does ISO 1996-2 require regarding acoustic calibration?,True,0.3636363636363637,0.05333333333333332,0.18181818181818185,,,
base,few-shot,"Which physical effects are included in the ISO 9613-2 algorithms, and in which frequency bands do they work?",True,0.15450643776824036,0.0,0.11158798283261802,,,
base,few-shot,"What does ISO 3745 specify, and how does its accuracy compare with ISO 3744 and ISO 3746?",True,0.35211267605633806,0.09929078014184396,0.19014084507042253,,,
base,few-shot,"According to ISO 9613-1, how should users obtain attenuation coefficients for conditions that are not listed in Table 1?",True,0.4025157232704402,0.11464968152866241,0.23899371069182393,,,
base,few-shot,"What does ISO 10140-5 cover, and what qualification does it require of a test facility?",True,0.35374149659863946,0.09655172413793105,0.2585034013605442,,,
base,few-shot,"What does ISO 16032 measure, and which quantity is reported?",True,0.13903743315508021,0.021621621621621623,0.11764705882352942,,,
base,few-shot,How does CNOSSOS-EU represent a vehicle and a traffic flow geometrically?,True,0.14285714285714285,0.016129032258064516,0.12698412698412698,,,
base,few-shot,What is the scope of ISO 16283-1 in terms of room volume and frequency range?,True,0.2958579881656805,0.09580838323353293,0.20118343195266275,,,
base,few-shot,"How does ISO 9612 define the daily noise exposure level LEX,8h?",True,0.35443037974683544,0.07692307692307693,0.24050632911392403,,,
base,few-shot,Which reference time intervals does BS 4142 prescribe for day and night?,True,0.16981132075471697,0.07692307692307693,0.1509433962264151,,,
base,few-shot,"What does ISO 354 specify, and what requirements apply to the reverberation room?",True,0.3893805309734514,0.10089020771513353,0.22418879056047197,,,
base,few-shot,Which noise descriptor does ISO 1996-3 prefer for specifying noise limits?,True,0.21276595744680848,0.10869565217391304,0.14893617021276595,,,
base,few-shot,"What does ISO 16283-2 specify, and which impact sources does it describe?",True,0.37410071942446044,0.10218978102189781,0.23021582733812948,,,
base,few-shot,What does ISO 3382-1 say about deriving decay curves from non-continuous excitation?,True,0.17777777777777778,0.04545454545454545,0.08888888888888889,,,
base,few-shot,What are the stated limitations of the ISO 4869-3 method?,True,0.2910798122065728,0.03791469194312796,0.20657276995305163,,,
base,few-shot,What instrumentation does ISO 1996-2 require for environmental noise measurements?,True,0.23140495867768596,0.10084033613445377,0.1487603305785124,,,
base,few-shot,What general form does the CNOSSOS-EU sound power equation take as a function of vehicle speed?,True,0.2389937106918239,0.08917197452229299,0.1509433962264151,,,
base,few-shot,"What is the frequency range of interest in ISO 3746, and what does the reference box enclose?",True,0.28571428571428564,0.11965811965811968,0.25210084033613445,,,
base,chain-of-thought,What does ISO 3382-1 specify?,True,0.24324324324324326,0.08333333333333333,0.24324324324324326,,,
base,chain-of-thought,"What background noise criterion does ISO 3744 impose, and how is the correction K1 applied?",True,0.24705882352941178,0.10714285714285715,0.18823529411764706,,,
base,chain-of-thought,What does ISO 1996-2 require regarding acoustic calibration?,True,0.3291139240506329,0.025974025974025972,0.1518987341772152,,,
base,chain-of-thought,"Which physical effects are included in the ISO 9613-2 algorithms, and in which frequency bands do they work?",True,0.2429906542056075,0.0,0.11214953271028037,,,
base,chain-of-thought,"What does ISO 3745 specify, and how does its accuracy compare with ISO 3744 and ISO 3746?",True,0.3055555555555555,0.11267605633802816,0.25,,,
base,chain-of-thought,"According to ISO 9613-1, how should users obtain attenuation coefficients for conditions that are not listed in Table 1?",True,0.3883495145631068,0.09900990099009901,0.17475728155339806,,,
base,chain-of-thought,"What does ISO 10140-5 cover, and what qualification does it require of a test facility?",True,0.3546099290780142,0.07194244604316546,0.24113475177304966,,,
base,chain-of-thought,"What does ISO 16032 measure, and which quantity is reported?",True,0.0790960451977401,0.01142857142857143,0.04519774011299435,,,
base,chain-of-thought,How does CNOSSOS-EU represent a vehicle and a traffic flow geometrically?,True,0.2706766917293233,0.04580152671755725,0.1954887218045113,,,
base,chain-of-thought,What is the scope of ISO 16283-1 in terms of room volume and frequency range?,True,0.23728813559322037,0.10344827586206896,0.20338983050847456,,,
base,chain-of-thought,"How does ISO 9612 define the daily noise exposure level LEX,8h?",True,0.28985507246376807,0.058823529411764705,0.20289855072463767,,,
base,chain-of-thought,Which reference time intervals does BS 4142 prescribe for day and night?,True,0.19999999999999998,0.06779661016949153,0.16666666666666666,,,
base,chain-of-thought,"What does ISO 354 specify, and what requirements apply to the reverberation room?",True,0.2528735632183908,0.11627906976744186,0.1839080459770115,,,
base,chain-of-thought,Which noise descriptor does ISO 1996-3 prefer for specifying noise limits?,True,0.21052631578947367,0.1075268817204301,0.16842105263157894,,,
base,chain-of-thought,"What does ISO 16283-2 specify, and which impact sources does it describe?",True,0.2909090909090909,0.09259259259259259,0.2,,,
base,chain-of-thought,What does ISO 3382-1 say about deriving decay curves from non-continuous excitation?,True,0.35185185185185186,0.03773584905660377,0.2222222222222222,,,
base,chain-of-thought,What are the stated limitations of the ISO 4869-3 method?,True,0.10101010101010101,0.041237113402061855,0.10101010101010101,,,
base,chain-of-thought,What instrumentation does ISO 1996-2 require for environmental noise measurements?,True,0.36363636363636365,0.1276595744680851,0.2377622377622378,,,
base,chain-of-thought,What general form does the CNOSSOS-EU sound power equation take as a function of vehicle speed?,True,0.1076923076923077,0.046875,0.1076923076923077,,,
base,chain-of-thought,"What is the frequency range of interest in ISO 3746, and what does the reference box enclose?",True,0.2900763358778626,0.10852713178294575,0.24427480916030533,,,
rag,rag-anclado,What does ISO 3382-1 specify?,True,0.36942675159235666,0.14193548387096772,0.2929936305732484,1.0,1.0,1.0
rag,zero-shot,What does ISO 3382-1 specify?,True,0.2686567164179105,0.07035175879396985,0.1990049751243781,1.0,1.0,1.0
rag,few-shot,What does ISO 3382-1 specify?,True,0.19999999999999998,0.05128205128205127,0.09999999999999999,1.0,1.0,1.0
rag,chain-of-thought,What does ISO 3382-1 specify?,True,0.262135922330097,0.06862745098039215,0.2038834951456311,1.0,1.0,1.0
rag,rag-anclado,"What background noise criterion does ISO 3744 impose, and how is the correction K1 applied?",True,0.11180124223602485,0.025157232704402514,0.08695652173913043,1.0,1.0,1.0
rag,zero-shot,"What background noise criterion does ISO 3744 impose, and how is the correction K1 applied?",True,0.1317365269461078,0.024242424242424242,0.08383233532934131,1.0,1.0,1.0
rag,few-shot,"What background noise criterion does ISO 3744 impose, and how is the correction K1 applied?",True,0.1317365269461078,0.024242424242424242,0.08383233532934131,1.0,1.0,1.0
rag,chain-of-thought,"What background noise criterion does ISO 3744 impose, and how is the correction K1 applied?",True,0.1358024691358025,0.024999999999999998,0.07407407407407408,1.0,1.0,1.0
rag,rag-anclado,What does ISO 1996-2 require regarding acoustic calibration?,True,0.3,0.02040816326530612,0.13999999999999999,1.0,1.0,1.0
rag,zero-shot,What does ISO 1996-2 require regarding acoustic calibration?,True,0.3,0.05128205128205128,0.17500000000000002,1.0,1.0,1.0
rag,few-shot,What does ISO 1996-2 require regarding acoustic calibration?,True,0.1643835616438356,0.028169014084507043,0.136986301369863,1.0,1.0,1.0
rag,chain-of-thought,What does ISO 1996-2 require regarding acoustic calibration?,True,0.2318840579710145,0.0,0.11594202898550725,1.0,1.0,1.0
rag,rag-anclado,"Which physical effects are included in the ISO 9613-2 algorithms, and in which frequency bands do they work?",True,0.53125,0.3174603174603175,0.25,1.0,1.0,1.0
rag,zero-shot,"Which physical effects are included in the ISO 9613-2 algorithms, and in which frequency bands do they work?",True,0.546875,0.3174603174603175,0.25,1.0,1.0,1.0
rag,few-shot,"Which physical effects are included in the ISO 9613-2 algorithms, and in which frequency bands do they work?",True,0.14953271028037382,0.0,0.056074766355140186,1.0,1.0,1.0
rag,chain-of-thought,"Which physical effects are included in the ISO 9613-2 algorithms, and in which frequency bands do they work?",True,0.3564356435643564,0.22222222222222224,0.23762376237623759,1.0,1.0,1.0
rag,rag-anclado,"What does ISO 3745 specify, and how does its accuracy compare with ISO 3744 and ISO 3746?",True,0.4577114427860696,0.20100502512562818,0.23880597014925375,1.0,1.0,1.0
rag,zero-shot,"What does ISO 3745 specify, and how does its accuracy compare with ISO 3744 and ISO 3746?",True,0.4075829383886255,0.19138755980861244,0.2654028436018957,1.0,1.0,1.0
rag,few-shot,"What does ISO 3745 specify, and how does its accuracy compare with ISO 3744 and ISO 3746?",True,0.45833333333333337,0.2,0.3020833333333333,1.0,1.0,1.0
rag,chain-of-thought,"What does ISO 3745 specify, and how does its accuracy compare with ISO 3744 and ISO 3746?",True,0.4353741496598639,0.2206896551724138,0.29931972789115646,1.0,1.0,1.0
rag,rag-anclado,"According to ISO 9613-1, how should users obtain attenuation coefficients for conditions that are not listed in Table 1?",True,0.22916666666666666,0.06382978723404255,0.16666666666666663,1.0,1.0,1.0
rag,zero-shot,"According to ISO 9613-1, how should users obtain attenuation coefficients for conditions that are not listed in Table 1?",True,0.32989690721649484,0.08421052631578949,0.18556701030927836,1.0,1.0,1.0
rag,few-shot,"According to ISO 9613-1, how should users obtain attenuation coefficients for conditions that are not listed in Table 1?",True,0.09638554216867469,0.0,0.09638554216867469,1.0,1.0,1.0
rag,chain-of-thought,"According to ISO 9613-1, how should users obtain attenuation coefficients for conditions that are not listed in Table 1?",True,0.2871287128712871,0.02,0.13861386138613863,1.0,1.0,1.0
rag,rag-anclado,"What does ISO 10140-5 cover, and what qualification does it require of a test facility?",True,0.6091954022988505,0.313953488372093,0.471264367816092,1.0,1.0,1.0
rag,zero-shot,"What does ISO 10140-5 cover, and what qualification does it require of a test facility?",True,0.6127167630057803,0.2456140350877193,0.48554913294797686,1.0,1.0,1.0
rag,few-shot,"What does ISO 10140-5 cover, and what qualification does it require of a test facility?",True,0.07751937984496124,0.015748031496062992,0.06201550387596899,1.0,1.0,1.0
rag,chain-of-thought,"What does ISO 10140-5 cover, and what qualification does it require of a test facility?",True,0.0522875816993464,0.026490066225165563,0.0522875816993464,1.0,1.0,1.0
rag,rag-anclado,"What does ISO 16032 measure, and which quantity is reported?",True,0.28136882129277563,0.12260536398467432,0.19011406844106465,1.0,1.0,1.0
rag,zero-shot,"What does ISO 16032 measure, and which quantity is reported?",True,0.20725388601036268,0.07329842931937172,0.15544041450777202,1.0,1.0,1.0
rag,few-shot,"What does ISO 16032 measure, and which quantity is reported?",True,0.12121212121212122,0.020408163265306124,0.0707070707070707,1.0,1.0,1.0
rag,chain-of-thought,"What does ISO 16032 measure, and which quantity is reported?",True,0.19148936170212766,0.12903225806451613,0.18085106382978725,1.0,1.0,1.0
rag,rag-anclado,How does CNOSSOS-EU represent a vehicle and a traffic flow geometrically?,True,0.3775510204081633,0.10309278350515465,0.2448979591836735,1.0,1.0,1.0
rag,zero-shot,How does CNOSSOS-EU represent a vehicle and a traffic flow geometrically?,True,0.39751552795031053,0.16352201257861634,0.28571428571428575,1.0,1.0,1.0
rag,few-shot,How does CNOSSOS-EU represent a vehicle and a traffic flow geometrically?,True,0.13636363636363635,0.015384615384615384,0.12121212121212122,1.0,1.0,1.0
rag,chain-of-thought,How does CNOSSOS-EU represent a vehicle and a traffic flow geometrically?,True,0.3262411347517731,0.04316546762589928,0.18439716312056736,1.0,1.0,1.0
rag,rag-anclado,What is the scope of ISO 16283-1 in terms of room volume and frequency range?,True,0.4195804195804196,0.14184397163120568,0.27972027972027974,1.0,1.0,1.0
rag,zero-shot,What is the scope of ISO 16283-1 in terms of room volume and frequency range?,True,0.4524886877828054,0.2191780821917808,0.2895927601809955,1.0,1.0,1.0
rag,few-shot,What is the scope of ISO 16283-1 in terms of room volume and frequency range?,True,0.20967741935483872,0.06557377049180328,0.14516129032258066,1.0,1.0,1.0
rag,chain-of-thought,What is the scope of ISO 16283-1 in terms of room volume and frequency range?,True,0.4087591240875912,0.14814814814814814,0.3065693430656934,1.0,1.0,1.0
rag,rag-anclado,"How does ISO 9612 define the daily noise exposure level LEX,8h?",True,0.4870848708487085,0.2379182156133829,0.3763837638376384,1.0,1.0,1.0
rag,zero-shot,"How does ISO 9612 define the daily noise exposure level LEX,8h?",True,0.5698324022346368,0.3276836158192091,0.44692737430167595,1.0,1.0,1.0
rag,few-shot,"How does ISO 9612 define the daily noise exposure level LEX,8h?",True,0.10606060606060605,0.015384615384615385,0.09090909090909091,1.0,1.0,1.0
rag,chain-of-thought,"How does ISO 9612 define the daily noise exposure level LEX,8h?",True,0.5757575757575758,0.3163265306122449,0.4343434343434343,1.0,1.0,1.0
rag,rag-anclado,Which reference time intervals does BS 4142 prescribe for day and night?,True,0.2677165354330709,0.096,0.18897637795275588,1.0,1.0,1.0
rag,zero-shot,Which reference time intervals does BS 4142 prescribe for day and night?,True,0.27350427350427353,0.10434782608695653,0.18803418803418806,1.0,1.0,1.0
rag,few-shot,Which reference time intervals does BS 4142 prescribe for day and night?,True,0.1680672268907563,0.06837606837606837,0.13445378151260504,1.0,1.0,1.0
rag,chain-of-thought,Which reference time intervals does BS 4142 prescribe for day and night?,True,0.25688073394495414,0.11214953271028037,0.18348623853211007,1.0,1.0,1.0
rag,rag-anclado,"What does ISO 354 specify, and what requirements apply to the reverberation room?",True,0.5141065830721003,0.2523659305993691,0.35109717868338564,0.0,1.0,1.0
rag,zero-shot,"What does ISO 354 specify, and what requirements apply to the reverberation room?",True,0.4471544715447155,0.13114754098360654,0.2764227642276423,0.0,1.0,1.0
rag,few-shot,"What does ISO 354 specify, and what requirements apply to the reverberation room?",True,0.37569060773480667,0.2122905027932961,0.287292817679558,0.0,1.0,1.0
rag,chain-of-thought,"What does ISO 354 specify, and what requirements apply to the reverberation room?",True,0.30120481927710846,0.15853658536585366,0.25301204819277107,0.0,1.0,1.0
rag,rag-anclado,Which noise descriptor does ISO 1996-3 prefer for specifying noise limits?,True,0.4942528735632184,0.23255813953488372,0.28735632183908044,1.0,1.0,1.0
rag,zero-shot,Which noise descriptor does ISO 1996-3 prefer for specifying noise limits?,True,0.4601769911504425,0.3063063063063063,0.33628318584070793,1.0,1.0,1.0
rag,few-shot,Which noise descriptor does ISO 1996-3 prefer for specifying noise limits?,True,0.40776699029126207,0.3366336633663366,0.3883495145631068,1.0,1.0,1.0
rag,chain-of-thought,Which noise descriptor does ISO 1996-3 prefer for specifying noise limits?,True,0.411764705882353,0.33999999999999997,0.392156862745098,1.0,1.0,1.0
rag,rag-anclado,"What does ISO 16283-2 specify, and which impact sources does it describe?",True,0.6363636363636364,0.368421052631579,0.5194805194805195,1.0,1.0,1.0
rag,zero-shot,"What does ISO 16283-2 specify, and which impact sources does it describe?",True,0.6490066225165563,0.348993288590604,0.5298013245033113,1.0,1.0,1.0
rag,few-shot,"What does ISO 16283-2 specify, and which impact sources does it describe?",True,0.578125,0.33333333333333337,0.453125,1.0,1.0,1.0
rag,chain-of-thought,"What does ISO 16283-2 specify, and which impact sources does it describe?",True,0.7529411764705883,0.5,0.6941176470588236,1.0,1.0,1.0
rag,rag-anclado,What does ISO 3382-1 say about deriving decay curves from non-continuous excitation?,True,0.40375586854460094,0.18957345971563982,0.24413145539906103,1.0,1.0,1.0
rag,zero-shot,What does ISO 3382-1 say about deriving decay curves from non-continuous excitation?,True,0.6779661016949151,0.44571428571428573,0.5649717514124294,1.0,1.0,1.0
rag,few-shot,What does ISO 3382-1 say about deriving decay curves from non-continuous excitation?,True,0.21359223300970873,0.039603960396039604,0.13592233009708737,1.0,1.0,1.0
rag,chain-of-thought,What does ISO 3382-1 say about deriving decay curves from non-continuous excitation?,True,0.0,0.0,0.0,1.0,1.0,1.0
rag,rag-anclado,What are the stated limitations of the ISO 4869-3 method?,True,0.5714285714285715,0.30534351145038163,0.4812030075187971,1.0,1.0,1.0
rag,zero-shot,What are the stated limitations of the ISO 4869-3 method?,True,0.593939393939394,0.3067484662576687,0.4363636363636364,1.0,1.0,1.0
rag,few-shot,What are the stated limitations of the ISO 4869-3 method?,True,0.24299065420560748,0.03809523809523809,0.11214953271028036,1.0,1.0,1.0
rag,chain-of-thought,What are the stated limitations of the ISO 4869-3 method?,True,0.5891472868217055,0.3307086614173228,0.5116279069767442,1.0,1.0,1.0
rag,rag-anclado,What instrumentation does ISO 1996-2 require for environmental noise measurements?,True,0.192,0.016260162601626018,0.112,0.0,0.0,0.0
rag,zero-shot,What instrumentation does ISO 1996-2 require for environmental noise measurements?,True,0.3333333333333333,0.08750000000000001,0.1851851851851852,0.0,0.0,0.0
rag,few-shot,What instrumentation does ISO 1996-2 require for environmental noise measurements?,True,0.125,0.03174603174603175,0.09375,0.0,0.0,0.0
rag,chain-of-thought,What instrumentation does ISO 1996-2 require for environmental noise measurements?,True,0.11764705882352942,0.017094017094017096,0.11764705882352942,0.0,0.0,0.0
rag,rag-anclado,What general form does the CNOSSOS-EU sound power equation take as a function of vehicle speed?,True,0.5549738219895288,0.3386243386243386,0.32460732984293195,1.0,1.0,1.0
rag,zero-shot,What general form does the CNOSSOS-EU sound power equation take as a function of vehicle speed?,True,0.5615763546798029,0.36815920398009944,0.3251231527093596,1.0,1.0,1.0
rag,few-shot,What general form does the CNOSSOS-EU sound power equation take as a function of vehicle speed?,True,0.5925925925925926,0.39572192513368987,0.3068783068783069,1.0,1.0,1.0
rag,chain-of-thought,What general form does the CNOSSOS-EU sound power equation take as a function of vehicle speed?,True,0.22222222222222224,0.13533834586466167,0.14814814814814814,1.0,1.0,1.0
rag,rag-anclado,"What is the frequency range of interest in ISO 3746, and what does the reference box enclose?",True,0.6862745098039216,0.504950495049505,0.5784313725490196,1.0,1.0,1.0
rag,zero-shot,"What is the frequency range of interest in ISO 3746, and what does the reference box enclose?",True,0.6257668711656442,0.4720496894409938,0.4662576687116564,1.0,1.0,1.0
rag,few-shot,"What is the frequency range of interest in ISO 3746, and what does the reference box enclose?",True,0.5454545454545454,0.4461538461538461,0.5151515151515151,1.0,1.0,1.0
rag,chain-of-thought,"What is the frequency range of interest in ISO 3746, and what does the reference box enclose?",True,0.5714285714285715,0.45801526717557256,0.5263157894736842,1.0,1.0,1.0
